{"position":{"x":0.1599999964237213,"y":0.2499997615814209,"z":8.235637238840354e-8},"rotation":{"x":0.0,"y":0.0,"z":0.0,"w":1.0},"scale":{"x":4.5,"y":0.5,"z":2.0},"constraints":112,"headerText":"Header","descriptionText":"N/A","assignedToNumber":0,"materialNumber":0}